--
-- PostgreSQL database dump
--

-- Dumped from database version 17.0 (Debian 17.0-1.pgdg120+1)
-- Dumped by pg_dump version 17.0 (Debian 17.0-1.pgdg120+1)

SET statement_timeout = 0;
SET lock_timeout = 0;
SET idle_in_transaction_session_timeout = 0;
SET transaction_timeout = 0;
SET client_encoding = 'UTF8';
SET standard_conforming_strings = on;
SELECT pg_catalog.set_config('search_path', '', false);
SET check_function_bodies = false;
SET xmloption = content;
SET client_min_messages = warning;
SET row_security = off;

SET default_tablespace = '';

SET default_table_access_method = heap;

--
-- Name: auth_group; Type: TABLE; Schema: public; Owner: postgres
--

CREATE TABLE public.auth_group (
    id integer NOT NULL,
    name character varying(150) NOT NULL
);


ALTER TABLE public.auth_group OWNER TO postgres;

--
-- Name: auth_group_id_seq; Type: SEQUENCE; Schema: public; Owner: postgres
--

ALTER TABLE public.auth_group ALTER COLUMN id ADD GENERATED BY DEFAULT AS IDENTITY (
    SEQUENCE NAME public.auth_group_id_seq
    START WITH 1
    INCREMENT BY 1
    NO MINVALUE
    NO MAXVALUE
    CACHE 1
);


--
-- Name: auth_group_permissions; Type: TABLE; Schema: public; Owner: postgres
--

CREATE TABLE public.auth_group_permissions (
    id bigint NOT NULL,
    group_id integer NOT NULL,
    permission_id integer NOT NULL
);


ALTER TABLE public.auth_group_permissions OWNER TO postgres;

--
-- Name: auth_group_permissions_id_seq; Type: SEQUENCE; Schema: public; Owner: postgres
--

ALTER TABLE public.auth_group_permissions ALTER COLUMN id ADD GENERATED BY DEFAULT AS IDENTITY (
    SEQUENCE NAME public.auth_group_permissions_id_seq
    START WITH 1
    INCREMENT BY 1
    NO MINVALUE
    NO MAXVALUE
    CACHE 1
);


--
-- Name: auth_permission; Type: TABLE; Schema: public; Owner: postgres
--

CREATE TABLE public.auth_permission (
    id integer NOT NULL,
    name character varying(255) NOT NULL,
    content_type_id integer NOT NULL,
    codename character varying(100) NOT NULL
);


ALTER TABLE public.auth_permission OWNER TO postgres;

--
-- Name: auth_permission_id_seq; Type: SEQUENCE; Schema: public; Owner: postgres
--

ALTER TABLE public.auth_permission ALTER COLUMN id ADD GENERATED BY DEFAULT AS IDENTITY (
    SEQUENCE NAME public.auth_permission_id_seq
    START WITH 1
    INCREMENT BY 1
    NO MINVALUE
    NO MAXVALUE
    CACHE 1
);


--
-- Name: auth_user; Type: TABLE; Schema: public; Owner: postgres
--

CREATE TABLE public.auth_user (
    id integer NOT NULL,
    password character varying(128) NOT NULL,
    last_login timestamp with time zone,
    is_superuser boolean NOT NULL,
    username character varying(150) NOT NULL,
    first_name character varying(150) NOT NULL,
    last_name character varying(150) NOT NULL,
    email character varying(254) NOT NULL,
    is_staff boolean NOT NULL,
    is_active boolean NOT NULL,
    date_joined timestamp with time zone NOT NULL
);


ALTER TABLE public.auth_user OWNER TO postgres;

--
-- Name: auth_user_groups; Type: TABLE; Schema: public; Owner: postgres
--

CREATE TABLE public.auth_user_groups (
    id bigint NOT NULL,
    user_id integer NOT NULL,
    group_id integer NOT NULL
);


ALTER TABLE public.auth_user_groups OWNER TO postgres;

--
-- Name: auth_user_groups_id_seq; Type: SEQUENCE; Schema: public; Owner: postgres
--

ALTER TABLE public.auth_user_groups ALTER COLUMN id ADD GENERATED BY DEFAULT AS IDENTITY (
    SEQUENCE NAME public.auth_user_groups_id_seq
    START WITH 1
    INCREMENT BY 1
    NO MINVALUE
    NO MAXVALUE
    CACHE 1
);


--
-- Name: auth_user_id_seq; Type: SEQUENCE; Schema: public; Owner: postgres
--

ALTER TABLE public.auth_user ALTER COLUMN id ADD GENERATED BY DEFAULT AS IDENTITY (
    SEQUENCE NAME public.auth_user_id_seq
    START WITH 1
    INCREMENT BY 1
    NO MINVALUE
    NO MAXVALUE
    CACHE 1
);


--
-- Name: auth_user_user_permissions; Type: TABLE; Schema: public; Owner: postgres
--

CREATE TABLE public.auth_user_user_permissions (
    id bigint NOT NULL,
    user_id integer NOT NULL,
    permission_id integer NOT NULL
);


ALTER TABLE public.auth_user_user_permissions OWNER TO postgres;

--
-- Name: auth_user_user_permissions_id_seq; Type: SEQUENCE; Schema: public; Owner: postgres
--

ALTER TABLE public.auth_user_user_permissions ALTER COLUMN id ADD GENERATED BY DEFAULT AS IDENTITY (
    SEQUENCE NAME public.auth_user_user_permissions_id_seq
    START WITH 1
    INCREMENT BY 1
    NO MINVALUE
    NO MAXVALUE
    CACHE 1
);


--
-- Name: django_admin_log; Type: TABLE; Schema: public; Owner: postgres
--

CREATE TABLE public.django_admin_log (
    id integer NOT NULL,
    action_time timestamp with time zone NOT NULL,
    object_id text,
    object_repr character varying(200) NOT NULL,
    action_flag smallint NOT NULL,
    change_message text NOT NULL,
    content_type_id integer,
    user_id integer NOT NULL,
    CONSTRAINT django_admin_log_action_flag_check CHECK ((action_flag >= 0))
);


ALTER TABLE public.django_admin_log OWNER TO postgres;

--
-- Name: django_admin_log_id_seq; Type: SEQUENCE; Schema: public; Owner: postgres
--

ALTER TABLE public.django_admin_log ALTER COLUMN id ADD GENERATED BY DEFAULT AS IDENTITY (
    SEQUENCE NAME public.django_admin_log_id_seq
    START WITH 1
    INCREMENT BY 1
    NO MINVALUE
    NO MAXVALUE
    CACHE 1
);


--
-- Name: django_content_type; Type: TABLE; Schema: public; Owner: postgres
--

CREATE TABLE public.django_content_type (
    id integer NOT NULL,
    app_label character varying(100) NOT NULL,
    model character varying(100) NOT NULL
);


ALTER TABLE public.django_content_type OWNER TO postgres;

--
-- Name: django_content_type_id_seq; Type: SEQUENCE; Schema: public; Owner: postgres
--

ALTER TABLE public.django_content_type ALTER COLUMN id ADD GENERATED BY DEFAULT AS IDENTITY (
    SEQUENCE NAME public.django_content_type_id_seq
    START WITH 1
    INCREMENT BY 1
    NO MINVALUE
    NO MAXVALUE
    CACHE 1
);


--
-- Name: django_migrations; Type: TABLE; Schema: public; Owner: postgres
--

CREATE TABLE public.django_migrations (
    id bigint NOT NULL,
    app character varying(255) NOT NULL,
    name character varying(255) NOT NULL,
    applied timestamp with time zone NOT NULL
);


ALTER TABLE public.django_migrations OWNER TO postgres;

--
-- Name: django_migrations_id_seq; Type: SEQUENCE; Schema: public; Owner: postgres
--

ALTER TABLE public.django_migrations ALTER COLUMN id ADD GENERATED BY DEFAULT AS IDENTITY (
    SEQUENCE NAME public.django_migrations_id_seq
    START WITH 1
    INCREMENT BY 1
    NO MINVALUE
    NO MAXVALUE
    CACHE 1
);


--
-- Name: django_session; Type: TABLE; Schema: public; Owner: postgres
--

CREATE TABLE public.django_session (
    session_key character varying(40) NOT NULL,
    session_data text NOT NULL,
    expire_date timestamp with time zone NOT NULL
);


ALTER TABLE public.django_session OWNER TO postgres;

--
-- Name: propiedades_propiedad; Type: TABLE; Schema: public; Owner: postgres
--

CREATE TABLE public.propiedades_propiedad (
    id bigint NOT NULL,
    titulo character varying(200) NOT NULL,
    precio numeric(10,2) NOT NULL,
    imagen character varying(100) NOT NULL,
    descripcion text NOT NULL,
    habitaciones integer NOT NULL,
    wc integer NOT NULL,
    estacionamientos integer NOT NULL,
    fecha_creacion timestamp with time zone NOT NULL,
    fecha_actualizacion timestamp with time zone NOT NULL,
    vendedor_id bigint NOT NULL
);


ALTER TABLE public.propiedades_propiedad OWNER TO postgres;

--
-- Name: propiedades_propiedad_id_seq; Type: SEQUENCE; Schema: public; Owner: postgres
--

ALTER TABLE public.propiedades_propiedad ALTER COLUMN id ADD GENERATED BY DEFAULT AS IDENTITY (
    SEQUENCE NAME public.propiedades_propiedad_id_seq
    START WITH 1
    INCREMENT BY 1
    NO MINVALUE
    NO MAXVALUE
    CACHE 1
);


--
-- Name: vendedores_vendedor; Type: TABLE; Schema: public; Owner: postgres
--

CREATE TABLE public.vendedores_vendedor (
    id bigint NOT NULL,
    nombre character varying(60) NOT NULL,
    apellido character varying(60) NOT NULL,
    telefono character varying(15) NOT NULL,
    fecha_creacion timestamp with time zone NOT NULL,
    fecha_actualizacion timestamp with time zone NOT NULL
);


ALTER TABLE public.vendedores_vendedor OWNER TO postgres;

--
-- Name: vendedores_vendedor_id_seq; Type: SEQUENCE; Schema: public; Owner: postgres
--

ALTER TABLE public.vendedores_vendedor ALTER COLUMN id ADD GENERATED BY DEFAULT AS IDENTITY (
    SEQUENCE NAME public.vendedores_vendedor_id_seq
    START WITH 1
    INCREMENT BY 1
    NO MINVALUE
    NO MAXVALUE
    CACHE 1
);


--
-- Data for Name: auth_group; Type: TABLE DATA; Schema: public; Owner: postgres
--

COPY public.auth_group (id, name) FROM stdin;
\.


--
-- Data for Name: auth_group_permissions; Type: TABLE DATA; Schema: public; Owner: postgres
--

COPY public.auth_group_permissions (id, group_id, permission_id) FROM stdin;
\.


--
-- Data for Name: auth_permission; Type: TABLE DATA; Schema: public; Owner: postgres
--

COPY public.auth_permission (id, name, content_type_id, codename) FROM stdin;
1	Can add log entry	1	add_logentry
2	Can change log entry	1	change_logentry
3	Can delete log entry	1	delete_logentry
4	Can view log entry	1	view_logentry
5	Can add permission	2	add_permission
6	Can change permission	2	change_permission
7	Can delete permission	2	delete_permission
8	Can view permission	2	view_permission
9	Can add group	3	add_group
10	Can change group	3	change_group
11	Can delete group	3	delete_group
12	Can view group	3	view_group
13	Can add user	4	add_user
14	Can change user	4	change_user
15	Can delete user	4	delete_user
16	Can view user	4	view_user
17	Can add content type	5	add_contenttype
18	Can change content type	5	change_contenttype
19	Can delete content type	5	delete_contenttype
20	Can view content type	5	view_contenttype
21	Can add session	6	add_session
22	Can change session	6	change_session
23	Can delete session	6	delete_session
24	Can view session	6	view_session
25	Can add propiedad	7	add_propiedad
26	Can change propiedad	7	change_propiedad
27	Can delete propiedad	7	delete_propiedad
28	Can view propiedad	7	view_propiedad
29	Can add vendedor	8	add_vendedor
30	Can change vendedor	8	change_vendedor
31	Can delete vendedor	8	delete_vendedor
32	Can view vendedor	8	view_vendedor
\.


--
-- Data for Name: auth_user; Type: TABLE DATA; Schema: public; Owner: postgres
--

COPY public.auth_user (id, password, last_login, is_superuser, username, first_name, last_name, email, is_staff, is_active, date_joined) FROM stdin;
1	pbkdf2_sha256$870000$hzpRBHQYaGRFC1JQyO1aG8$fbUj9NRI5A8mrvr8rA9ABjbYWOCrR4WWd6xkOaexUuo=	2024-10-14 09:41:20.342148+00	t	andonys24			andonys@gmail.com	t	t	2024-10-02 06:30:07.716138+00
\.


--
-- Data for Name: auth_user_groups; Type: TABLE DATA; Schema: public; Owner: postgres
--

COPY public.auth_user_groups (id, user_id, group_id) FROM stdin;
\.


--
-- Data for Name: auth_user_user_permissions; Type: TABLE DATA; Schema: public; Owner: postgres
--

COPY public.auth_user_user_permissions (id, user_id, permission_id) FROM stdin;
\.


--
-- Data for Name: django_admin_log; Type: TABLE DATA; Schema: public; Owner: postgres
--

COPY public.django_admin_log (id, action_time, object_id, object_repr, action_flag, change_message, content_type_id, user_id) FROM stdin;
1	2024-10-02 07:13:05.106105+00	1	Juan Perez	1	[{"added": {}}]	8	1
2	2024-10-02 07:13:30.028173+00	2	Maria Gonzales	1	[{"added": {}}]	8	1
3	2024-10-02 07:14:31.863846+00	2	María González	2	[{"changed": {"fields": ["Nombre", "Apellido"]}}]	8	1
4	2024-10-02 07:20:42.168728+00	\N	Casa Moderna	1	[{"added": {}}]	7	1
5	2024-10-02 07:30:28.666154+00	\N	Prueba	1	[{"added": {}}]	7	1
6	2024-10-02 07:49:36.544002+00	1	Casa Moderna	1	[{"added": {}}]	7	1
7	2024-10-02 07:50:44.771301+00	1	Casa Moderna	2	[{"changed": {"fields": ["Habitaciones"]}}]	7	1
8	2024-10-02 07:50:59.520023+00	1	Casa Moderna	2	[{"changed": {"fields": ["Imagen"]}}]	7	1
9	2024-10-02 08:10:01.322938+00	1	Casa Moderna	2	[{"changed": {"fields": ["Descripcion"]}}]	7	1
10	2024-10-02 08:12:19.386413+00	2	Casa con Piscina	1	[{"added": {}}]	7	1
\.


--
-- Data for Name: django_content_type; Type: TABLE DATA; Schema: public; Owner: postgres
--

COPY public.django_content_type (id, app_label, model) FROM stdin;
1	admin	logentry
2	auth	permission
3	auth	group
4	auth	user
5	contenttypes	contenttype
6	sessions	session
7	propiedades	propiedad
8	vendedores	vendedor
\.


--
-- Data for Name: django_migrations; Type: TABLE DATA; Schema: public; Owner: postgres
--

COPY public.django_migrations (id, app, name, applied) FROM stdin;
1	contenttypes	0001_initial	2024-10-02 06:26:31.190676+00
2	auth	0001_initial	2024-10-02 06:26:31.325503+00
3	admin	0001_initial	2024-10-02 06:26:31.362601+00
4	admin	0002_logentry_remove_auto_add	2024-10-02 06:26:31.371607+00
5	admin	0003_logentry_add_action_flag_choices	2024-10-02 06:26:31.378692+00
6	contenttypes	0002_remove_content_type_name	2024-10-02 06:26:31.395234+00
7	auth	0002_alter_permission_name_max_length	2024-10-02 06:26:31.405233+00
8	auth	0003_alter_user_email_max_length	2024-10-02 06:26:31.418636+00
9	auth	0004_alter_user_username_opts	2024-10-02 06:26:31.43154+00
10	auth	0005_alter_user_last_login_null	2024-10-02 06:26:31.440635+00
11	auth	0006_require_contenttypes_0002	2024-10-02 06:26:31.441541+00
12	auth	0007_alter_validators_add_error_messages	2024-10-02 06:26:31.45162+00
13	auth	0008_alter_user_username_max_length	2024-10-02 06:26:31.469462+00
14	auth	0009_alter_user_last_name_max_length	2024-10-02 06:26:31.478802+00
15	auth	0010_alter_group_name_max_length	2024-10-02 06:26:31.489108+00
16	auth	0011_update_proxy_permissions	2024-10-02 06:26:31.498005+00
17	auth	0012_alter_user_first_name_max_length	2024-10-02 06:26:31.505082+00
18	vendedores	0001_initial	2024-10-02 06:26:31.514002+00
19	propiedades	0001_initial	2024-10-02 06:26:31.532688+00
20	sessions	0001_initial	2024-10-02 06:26:31.552652+00
21	propiedades	0002_alter_propiedad_options_and_more	2024-10-02 07:11:38.474808+00
22	vendedores	0002_alter_vendedor_options_and_more	2024-10-02 07:11:38.496542+00
23	propiedades	0003_alter_propiedad_imagen_alter_propiedad_wc	2024-10-02 07:47:29.215444+00
24	propiedades	0004_alter_propiedad_descripcion_alter_propiedad_imagen	2024-10-02 08:08:06.80754+00
\.


--
-- Data for Name: django_session; Type: TABLE DATA; Schema: public; Owner: postgres
--

COPY public.django_session (session_key, session_data, expire_date) FROM stdin;
jmsqopj8vncltk76emn5u8kpmkaxss4r	.eJxVjDsOwyAQRO9CHSEviF_K9DkD2oUlOImwZOzKyt1jSy6SbjTvzWwi4rrUuHae45jFVYC4_HaE6cXtAPmJ7THJNLVlHkkeijxpl_cp8_t2un8HFXvd1-TRoHFOG5eBTPAAWjOBA21J6T0YVXyxjlGHwiEgpjKAsoq9JT-IzxfHMjdJ:1szn6C:QjM5G8Krtx4W2OqMNlsDr0EXRufFiHAifFo4bsr0Kk4	2024-10-27 01:08:44.560204+00
m3r23n5pe8tb5id84s7bde19m4718wvp	.eJxVjDsOwyAQRO9CHSEviF_K9DkD2oUlOImwZOzKyt1jSy6SbjTvzWwi4rrUuHae45jFVYC4_HaE6cXtAPmJ7THJNLVlHkkeijxpl_cp8_t2un8HFXvd1-TRoHFOG5eBTPAAWjOBA21J6T0YVXyxjlGHwiEgpjKAsoq9JT-IzxfHMjdJ:1t0HZo:-lKCmfPInX-xi_fla1_G4Q5wkvjGDzP3bsyi3r-dFuE	2024-10-28 09:41:20.347666+00
\.


--
-- Data for Name: propiedades_propiedad; Type: TABLE DATA; Schema: public; Owner: postgres
--

COPY public.propiedades_propiedad (id, titulo, precio, imagen, descripcion, habitaciones, wc, estacionamientos, fecha_creacion, fecha_actualizacion, vendedor_id) FROM stdin;
3	Casa de Madera	2000000.00	propiedades/rc4P32WCxPYl.jpg	Casa de mandera de color amarillo en la calle 123, de la avenida buena raiz, con unas lindas vistas y con muchas habitaciones a disposicion con un estacionamiento para poder poner su automovil.	4	2	1	2024-10-05 09:11:43.618935+00	2024-10-06 08:27:53.94951+00	2
2	Casa con Piscina	1000000.00	propiedades/h0BBcGuuuJmT.jpg	Descubre esta espectacular casa de lujo, un oasis de confort y elegancia. Con un diseño contemporáneo, cuenta con amplios espacios abiertos y grandes ventanales que ofrecen vistas panorámicas al jardín. La impresionante piscina al aire libre es el punto focal, rodeada de una terraza de madera perfecta para relajarse o entretener a invitados. La cocina gourmet está equipada con electrodomésticos de última generación y una isla central, ideal para disfrutar de momentos en familia. Las habitaciones son luminosas y cuentan con baños en suite, mientras que el dormitorio principal ofrece un vestidor y acceso directo a la piscina. Situada en una exclusiva zona residencial, esta casa es el refugio perfecto para quienes buscan lujo y privacidad.	12	6	3	2024-10-02 08:12:19.383395+00	2024-10-02 08:12:19.384483+00	2
8	Casa en el bosque	3000000.00	propiedades/cUx7e3IUHCKX.jpg	Casa en el bosque con un garaje, es seguro y viene bien para relajarse y dar un descanso de la tecnologia. para pasar con su familia afuera tienen un pequeno patio para poder tomar el sol para relajarse.	4	2	1	2024-10-05 10:02:29.117545+00	2024-10-12 07:49:11.071611+00	1
1	Casa Moderna	800000.00	propiedades/CPqE2dh4jfmL.webp	Esta hermosa casa moderna se destaca por su diseño elegante y contemporáneo. Con amplios ventanales que permiten la entrada de luz natural, la vivienda cuenta con una terraza ideal para disfrutar del aire libre y las vistas. Su fachada blanca resalta en el entorno, mientras que las ventanales azules aportan un toque de sofisticación. Frontalmente, palmeras exuberantes añaden un toque tropical, creando un ambiente relajante y acogedor. Este hogar es perfecto para quienes buscan confort y estilo en un solo lugar. Con unas sillas de estar afuera para tomar el sol de un buen dia o pasarla en familia.	4	3	1	2024-10-02 07:49:36.533773+00	2024-10-06 06:59:49.532813+00	1
10	Propiedad de pruebas	7000000.00	propiedades/9BrXAzPKgSkI.jpg	Esta es una propiedad es una area urbana que tiene muy buenas vistas  tiene un gran estacionamiento para hasta 4 autos, 6 habitaciones y 2 banos con los que no les hara falta nada aqui	6	2	4	2024-10-14 09:11:29.675404+00	2024-10-14 09:11:29.675418+00	2
\.


--
-- Data for Name: vendedores_vendedor; Type: TABLE DATA; Schema: public; Owner: postgres
--

COPY public.vendedores_vendedor (id, nombre, apellido, telefono, fecha_creacion, fecha_actualizacion) FROM stdin;
2	María	González	9878543	2024-10-02 07:13:30.02525+00	2024-10-02 07:14:31.861744+00
1	Juanito	Perez	123456712	2024-10-02 07:13:05.102206+00	2024-10-13 01:05:06.171124+00
4	Maria	Magdalena	19293848	2024-10-13 00:44:52.437256+00	2024-10-13 01:06:00.97652+00
5	Juan	Ramirez	123803411	2024-10-13 00:45:59.930593+00	2024-10-14 09:41:31.550495+00
\.


--
-- Name: auth_group_id_seq; Type: SEQUENCE SET; Schema: public; Owner: postgres
--

SELECT pg_catalog.setval('public.auth_group_id_seq', 1, false);


--
-- Name: auth_group_permissions_id_seq; Type: SEQUENCE SET; Schema: public; Owner: postgres
--

SELECT pg_catalog.setval('public.auth_group_permissions_id_seq', 1, false);


--
-- Name: auth_permission_id_seq; Type: SEQUENCE SET; Schema: public; Owner: postgres
--

SELECT pg_catalog.setval('public.auth_permission_id_seq', 32, true);


--
-- Name: auth_user_groups_id_seq; Type: SEQUENCE SET; Schema: public; Owner: postgres
--

SELECT pg_catalog.setval('public.auth_user_groups_id_seq', 1, false);


--
-- Name: auth_user_id_seq; Type: SEQUENCE SET; Schema: public; Owner: postgres
--

SELECT pg_catalog.setval('public.auth_user_id_seq', 1, true);


--
-- Name: auth_user_user_permissions_id_seq; Type: SEQUENCE SET; Schema: public; Owner: postgres
--

SELECT pg_catalog.setval('public.auth_user_user_permissions_id_seq', 1, false);


--
-- Name: django_admin_log_id_seq; Type: SEQUENCE SET; Schema: public; Owner: postgres
--

SELECT pg_catalog.setval('public.django_admin_log_id_seq', 10, true);


--
-- Name: django_content_type_id_seq; Type: SEQUENCE SET; Schema: public; Owner: postgres
--

SELECT pg_catalog.setval('public.django_content_type_id_seq', 8, true);


--
-- Name: django_migrations_id_seq; Type: SEQUENCE SET; Schema: public; Owner: postgres
--

SELECT pg_catalog.setval('public.django_migrations_id_seq', 24, true);


--
-- Name: propiedades_propiedad_id_seq; Type: SEQUENCE SET; Schema: public; Owner: postgres
--

SELECT pg_catalog.setval('public.propiedades_propiedad_id_seq', 10, true);


--
-- Name: vendedores_vendedor_id_seq; Type: SEQUENCE SET; Schema: public; Owner: postgres
--

SELECT pg_catalog.setval('public.vendedores_vendedor_id_seq', 5, true);


--
-- Name: auth_group auth_group_name_key; Type: CONSTRAINT; Schema: public; Owner: postgres
--

ALTER TABLE ONLY public.auth_group
    ADD CONSTRAINT auth_group_name_key UNIQUE (name);


--
-- Name: auth_group_permissions auth_group_permissions_group_id_permission_id_0cd325b0_uniq; Type: CONSTRAINT; Schema: public; Owner: postgres
--

ALTER TABLE ONLY public.auth_group_permissions
    ADD CONSTRAINT auth_group_permissions_group_id_permission_id_0cd325b0_uniq UNIQUE (group_id, permission_id);


--
-- Name: auth_group_permissions auth_group_permissions_pkey; Type: CONSTRAINT; Schema: public; Owner: postgres
--

ALTER TABLE ONLY public.auth_group_permissions
    ADD CONSTRAINT auth_group_permissions_pkey PRIMARY KEY (id);


--
-- Name: auth_group auth_group_pkey; Type: CONSTRAINT; Schema: public; Owner: postgres
--

ALTER TABLE ONLY public.auth_group
    ADD CONSTRAINT auth_group_pkey PRIMARY KEY (id);


--
-- Name: auth_permission auth_permission_content_type_id_codename_01ab375a_uniq; Type: CONSTRAINT; Schema: public; Owner: postgres
--

ALTER TABLE ONLY public.auth_permission
    ADD CONSTRAINT auth_permission_content_type_id_codename_01ab375a_uniq UNIQUE (content_type_id, codename);


--
-- Name: auth_permission auth_permission_pkey; Type: CONSTRAINT; Schema: public; Owner: postgres
--

ALTER TABLE ONLY public.auth_permission
    ADD CONSTRAINT auth_permission_pkey PRIMARY KEY (id);


--
-- Name: auth_user_groups auth_user_groups_pkey; Type: CONSTRAINT; Schema: public; Owner: postgres
--

ALTER TABLE ONLY public.auth_user_groups
    ADD CONSTRAINT auth_user_groups_pkey PRIMARY KEY (id);


--
-- Name: auth_user_groups auth_user_groups_user_id_group_id_94350c0c_uniq; Type: CONSTRAINT; Schema: public; Owner: postgres
--

ALTER TABLE ONLY public.auth_user_groups
    ADD CONSTRAINT auth_user_groups_user_id_group_id_94350c0c_uniq UNIQUE (user_id, group_id);


--
-- Name: auth_user auth_user_pkey; Type: CONSTRAINT; Schema: public; Owner: postgres
--

ALTER TABLE ONLY public.auth_user
    ADD CONSTRAINT auth_user_pkey PRIMARY KEY (id);


--
-- Name: auth_user_user_permissions auth_user_user_permissions_pkey; Type: CONSTRAINT; Schema: public; Owner: postgres
--

ALTER TABLE ONLY public.auth_user_user_permissions
    ADD CONSTRAINT auth_user_user_permissions_pkey PRIMARY KEY (id);


--
-- Name: auth_user_user_permissions auth_user_user_permissions_user_id_permission_id_14a6b632_uniq; Type: CONSTRAINT; Schema: public; Owner: postgres
--

ALTER TABLE ONLY public.auth_user_user_permissions
    ADD CONSTRAINT auth_user_user_permissions_user_id_permission_id_14a6b632_uniq UNIQUE (user_id, permission_id);


--
-- Name: auth_user auth_user_username_key; Type: CONSTRAINT; Schema: public; Owner: postgres
--

ALTER TABLE ONLY public.auth_user
    ADD CONSTRAINT auth_user_username_key UNIQUE (username);


--
-- Name: django_admin_log django_admin_log_pkey; Type: CONSTRAINT; Schema: public; Owner: postgres
--

ALTER TABLE ONLY public.django_admin_log
    ADD CONSTRAINT django_admin_log_pkey PRIMARY KEY (id);


--
-- Name: django_content_type django_content_type_app_label_model_76bd3d3b_uniq; Type: CONSTRAINT; Schema: public; Owner: postgres
--

ALTER TABLE ONLY public.django_content_type
    ADD CONSTRAINT django_content_type_app_label_model_76bd3d3b_uniq UNIQUE (app_label, model);


--
-- Name: django_content_type django_content_type_pkey; Type: CONSTRAINT; Schema: public; Owner: postgres
--

ALTER TABLE ONLY public.django_content_type
    ADD CONSTRAINT django_content_type_pkey PRIMARY KEY (id);


--
-- Name: django_migrations django_migrations_pkey; Type: CONSTRAINT; Schema: public; Owner: postgres
--

ALTER TABLE ONLY public.django_migrations
    ADD CONSTRAINT django_migrations_pkey PRIMARY KEY (id);


--
-- Name: django_session django_session_pkey; Type: CONSTRAINT; Schema: public; Owner: postgres
--

ALTER TABLE ONLY public.django_session
    ADD CONSTRAINT django_session_pkey PRIMARY KEY (session_key);


--
-- Name: propiedades_propiedad propiedades_propiedad_pkey; Type: CONSTRAINT; Schema: public; Owner: postgres
--

ALTER TABLE ONLY public.propiedades_propiedad
    ADD CONSTRAINT propiedades_propiedad_pkey PRIMARY KEY (id);


--
-- Name: vendedores_vendedor vendedores_vendedor_pkey; Type: CONSTRAINT; Schema: public; Owner: postgres
--

ALTER TABLE ONLY public.vendedores_vendedor
    ADD CONSTRAINT vendedores_vendedor_pkey PRIMARY KEY (id);


--
-- Name: auth_group_name_a6ea08ec_like; Type: INDEX; Schema: public; Owner: postgres
--

CREATE INDEX auth_group_name_a6ea08ec_like ON public.auth_group USING btree (name varchar_pattern_ops);


--
-- Name: auth_group_permissions_group_id_b120cbf9; Type: INDEX; Schema: public; Owner: postgres
--

CREATE INDEX auth_group_permissions_group_id_b120cbf9 ON public.auth_group_permissions USING btree (group_id);


--
-- Name: auth_group_permissions_permission_id_84c5c92e; Type: INDEX; Schema: public; Owner: postgres
--

CREATE INDEX auth_group_permissions_permission_id_84c5c92e ON public.auth_group_permissions USING btree (permission_id);


--
-- Name: auth_permission_content_type_id_2f476e4b; Type: INDEX; Schema: public; Owner: postgres
--

CREATE INDEX auth_permission_content_type_id_2f476e4b ON public.auth_permission USING btree (content_type_id);


--
-- Name: auth_user_groups_group_id_97559544; Type: INDEX; Schema: public; Owner: postgres
--

CREATE INDEX auth_user_groups_group_id_97559544 ON public.auth_user_groups USING btree (group_id);


--
-- Name: auth_user_groups_user_id_6a12ed8b; Type: INDEX; Schema: public; Owner: postgres
--

CREATE INDEX auth_user_groups_user_id_6a12ed8b ON public.auth_user_groups USING btree (user_id);


--
-- Name: auth_user_user_permissions_permission_id_1fbb5f2c; Type: INDEX; Schema: public; Owner: postgres
--

CREATE INDEX auth_user_user_permissions_permission_id_1fbb5f2c ON public.auth_user_user_permissions USING btree (permission_id);


--
-- Name: auth_user_user_permissions_user_id_a95ead1b; Type: INDEX; Schema: public; Owner: postgres
--

CREATE INDEX auth_user_user_permissions_user_id_a95ead1b ON public.auth_user_user_permissions USING btree (user_id);


--
-- Name: auth_user_username_6821ab7c_like; Type: INDEX; Schema: public; Owner: postgres
--

CREATE INDEX auth_user_username_6821ab7c_like ON public.auth_user USING btree (username varchar_pattern_ops);


--
-- Name: django_admin_log_content_type_id_c4bce8eb; Type: INDEX; Schema: public; Owner: postgres
--

CREATE INDEX django_admin_log_content_type_id_c4bce8eb ON public.django_admin_log USING btree (content_type_id);


--
-- Name: django_admin_log_user_id_c564eba6; Type: INDEX; Schema: public; Owner: postgres
--

CREATE INDEX django_admin_log_user_id_c564eba6 ON public.django_admin_log USING btree (user_id);


--
-- Name: django_session_expire_date_a5c62663; Type: INDEX; Schema: public; Owner: postgres
--

CREATE INDEX django_session_expire_date_a5c62663 ON public.django_session USING btree (expire_date);


--
-- Name: django_session_session_key_c0390e0f_like; Type: INDEX; Schema: public; Owner: postgres
--

CREATE INDEX django_session_session_key_c0390e0f_like ON public.django_session USING btree (session_key varchar_pattern_ops);


--
-- Name: propiedades_propiedad_vendedor_id_c58a0ffa; Type: INDEX; Schema: public; Owner: postgres
--

CREATE INDEX propiedades_propiedad_vendedor_id_c58a0ffa ON public.propiedades_propiedad USING btree (vendedor_id);


--
-- Name: auth_group_permissions auth_group_permissio_permission_id_84c5c92e_fk_auth_perm; Type: FK CONSTRAINT; Schema: public; Owner: postgres
--

ALTER TABLE ONLY public.auth_group_permissions
    ADD CONSTRAINT auth_group_permissio_permission_id_84c5c92e_fk_auth_perm FOREIGN KEY (permission_id) REFERENCES public.auth_permission(id) DEFERRABLE INITIALLY DEFERRED;


--
-- Name: auth_group_permissions auth_group_permissions_group_id_b120cbf9_fk_auth_group_id; Type: FK CONSTRAINT; Schema: public; Owner: postgres
--

ALTER TABLE ONLY public.auth_group_permissions
    ADD CONSTRAINT auth_group_permissions_group_id_b120cbf9_fk_auth_group_id FOREIGN KEY (group_id) REFERENCES public.auth_group(id) DEFERRABLE INITIALLY DEFERRED;


--
-- Name: auth_permission auth_permission_content_type_id_2f476e4b_fk_django_co; Type: FK CONSTRAINT; Schema: public; Owner: postgres
--

ALTER TABLE ONLY public.auth_permission
    ADD CONSTRAINT auth_permission_content_type_id_2f476e4b_fk_django_co FOREIGN KEY (content_type_id) REFERENCES public.django_content_type(id) DEFERRABLE INITIALLY DEFERRED;


--
-- Name: auth_user_groups auth_user_groups_group_id_97559544_fk_auth_group_id; Type: FK CONSTRAINT; Schema: public; Owner: postgres
--

ALTER TABLE ONLY public.auth_user_groups
    ADD CONSTRAINT auth_user_groups_group_id_97559544_fk_auth_group_id FOREIGN KEY (group_id) REFERENCES public.auth_group(id) DEFERRABLE INITIALLY DEFERRED;


--
-- Name: auth_user_groups auth_user_groups_user_id_6a12ed8b_fk_auth_user_id; Type: FK CONSTRAINT; Schema: public; Owner: postgres
--

ALTER TABLE ONLY public.auth_user_groups
    ADD CONSTRAINT auth_user_groups_user_id_6a12ed8b_fk_auth_user_id FOREIGN KEY (user_id) REFERENCES public.auth_user(id) DEFERRABLE INITIALLY DEFERRED;


--
-- Name: auth_user_user_permissions auth_user_user_permi_permission_id_1fbb5f2c_fk_auth_perm; Type: FK CONSTRAINT; Schema: public; Owner: postgres
--

ALTER TABLE ONLY public.auth_user_user_permissions
    ADD CONSTRAINT auth_user_user_permi_permission_id_1fbb5f2c_fk_auth_perm FOREIGN KEY (permission_id) REFERENCES public.auth_permission(id) DEFERRABLE INITIALLY DEFERRED;


--
-- Name: auth_user_user_permissions auth_user_user_permissions_user_id_a95ead1b_fk_auth_user_id; Type: FK CONSTRAINT; Schema: public; Owner: postgres
--

ALTER TABLE ONLY public.auth_user_user_permissions
    ADD CONSTRAINT auth_user_user_permissions_user_id_a95ead1b_fk_auth_user_id FOREIGN KEY (user_id) REFERENCES public.auth_user(id) DEFERRABLE INITIALLY DEFERRED;


--
-- Name: django_admin_log django_admin_log_content_type_id_c4bce8eb_fk_django_co; Type: FK CONSTRAINT; Schema: public; Owner: postgres
--

ALTER TABLE ONLY public.django_admin_log
    ADD CONSTRAINT django_admin_log_content_type_id_c4bce8eb_fk_django_co FOREIGN KEY (content_type_id) REFERENCES public.django_content_type(id) DEFERRABLE INITIALLY DEFERRED;


--
-- Name: django_admin_log django_admin_log_user_id_c564eba6_fk_auth_user_id; Type: FK CONSTRAINT; Schema: public; Owner: postgres
--

ALTER TABLE ONLY public.django_admin_log
    ADD CONSTRAINT django_admin_log_user_id_c564eba6_fk_auth_user_id FOREIGN KEY (user_id) REFERENCES public.auth_user(id) DEFERRABLE INITIALLY DEFERRED;


--
-- Name: propiedades_propiedad propiedades_propieda_vendedor_id_c58a0ffa_fk_vendedore; Type: FK CONSTRAINT; Schema: public; Owner: postgres
--

ALTER TABLE ONLY public.propiedades_propiedad
    ADD CONSTRAINT propiedades_propieda_vendedor_id_c58a0ffa_fk_vendedore FOREIGN KEY (vendedor_id) REFERENCES public.vendedores_vendedor(id) DEFERRABLE INITIALLY DEFERRED;


--
-- PostgreSQL database dump complete
--

